QID-DocID,TF-IDF,Okapi TF,BM25,Laplace,Jelinek-Mercer,Label
1-184,0,0,0,,,1
1-29,0,0,0,,,1
1-31,0,0,0,,,1
1-12,0,0,0,,,1
1-51,0,0,0,,,1
1-102,0,0,0,,,1
1-13,0,0,0,,,1
1-14,0,0,0,,,1
1-15,0,0,0,,,1
1-57,0,0,0,,,1
1-378,0,0,0,,,1
1-859,0,0,0,,,1
1-185,0,0,0,,,1
1-30,0,0,0,,,1
1-37,0,0,0,,,1
1-52,0,0,0,,,1
1-142,0,0,0,,,1
1-195,0,0,0,,,1
1-875,0,0,0,,,1
1-56,0,0,0,,,1
1-66,0,0,0,,,1
1-95,0,0,0,,,1
1-462,0,0,0,,,1
1-497,0,0,0,,,1
1-858,0,0,0,,,1
1-876,0,0,0,,,1
1-879,0,0,0,,,1
1-880,0,0,0,,,1
1-486,0,0,0,,,0
1-1,173.1857636503153,1.6349206349206349,39.221058405756025,,,0
2-12,0,0,0,,,1
2-15,0,0,0,,,1
2-184,0,0,0,,,1
2-858,0,0,0,,,1
2-51,0,0,0,,,1
2-102,0,0,0,,,1
2-202,0,0,0,,,1
2-14,0,0,0,,,1
2-52,0,0,0,,,1
2-380,0,0,0,,,1
2-746,0,0,0,,,1
2-859,0,0,0,,,1
2-948,0,0,0,,,1
2-285,0,0,0,,,1
2-390,0,0,0,,,1
2-391,0,0,0,,,1
2-442,0,0,0,,,1
2-497,0,0,0,,,1
2-643,0,0,0,,,1
2-856,0,0,0,,,1
2-857,0,0,0,,,1
2-877,0,0,0,,,1
2-864,0,0,0,,,1
2-658,0,0,0,,,1
2-486,0,0,0,,,0
2-1,319.02640672426503,3.3349206349206346,82.00509326759541,,,0
4-236,0,0,0,,,1
4-166,0,0,0,,,1
4-488,0,0,0,,,0
4-1,218.7609646109246,2.3492063492063493,56.83944342067285,,,0
8-48,0,0,0,,,1
8-122,0,0,0,,,1
8-20,0,0,0,,,1
8-58,0,0,0,,,1
8-196,0,0,0,,,1
8-354,0,0,0,,,1
8-360,0,0,0,,,1
8-197,0,0,0,,,1
8-999,0,0,0,,,1
8-1112,0,0,0,,,1
8-1005,0,0,0,,,1
8-492,0,0,0,,,0
8-1,674.5129742170175,6.59119769119769,160.1489471974679,,,0
9-21,0,0,0,,,1
9-22,0,0,0,,,1
9-550,0,0,0,,,1
9-534,0,0,0,,,0
9-1,109.3804823054623,1.492063492063492,36.48042073676896,,,0
10-259,0,0,0,,,1
10-405,0,0,0,,,1
10-302,0,0,0,,,1
10-436,0,0,0,,,1
10-437,0,0,0,,,1
10-438,0,0,0,,,1
10-998,0,0,0,,,1
10-1011,0,0,0,,,1
10-493,0,0,0,,,0
10-1,173.1857636503153,3.425396825396825,88.39592858072388,,,0
12-86,0,0,0,,,1
12-194,0,0,0,,,1
12-650,0,0,0,,,1
12-649,0,0,0,,,1
12-652,0,0,0,,,1
12-624,0,0,0,,,0
12-1,847.6987378673329,9.877777777777778,244.37042070687033,,,0
13-64,0,0,0,,,1
13-265,0,0,0,,,1
13-65,0,0,0,,,1
13-311,0,0,0,,,1
13-496,0,0,0,,,0
13-1,154.9556832660716,2.1904761904761902,55.69646919953706,,,0
15-463,0,0,0,,,1
15-462,0,0,0,,,1
15-497,0,0,0,,,0
15-1,63.80528134485301,0.7777777777777778,18.86203572185213,,,0
18-196,0,0,0,,,1
18-197,0,0,0,,,1
18-198,0,0,0,,,1
18-498,0,0,0,,,0
18-1,282.5662459557776,3.2864357864357867,81.1024764983583,,,0
22-68,0,0,0,,,1
22-502,0,0,0,,,0
22-1,537.7873713351896,5.73015873015873,139.95771865656323,,,0
23-900,0,0,0,,,1
23-902,0,0,0,,,1
23-200,0,0,0,,,1
23-201,0,0,0,,,1
23-601,0,0,0,,,1
23-899,0,0,0,,,1
23-903,0,0,0,,,1
23-593,0,0,0,,,1
23-199,0,0,0,,,1
23-594,0,0,0,,,1
23-901,0,0,0,,,1
23-544,0,0,0,,,1
23-597,0,0,0,,,1
23-749,0,0,0,,,1
23-917,0,0,0,,,1
23-919,0,0,0,,,1
23-1333,0,0,0,,,1
23-634,0,0,0,,,1
23-687,0,0,0,,,1
23-698,0,0,0,,,1
23-1290,0,0,0,,,1
23-700,0,0,0,,,1
23-704,0,0,0,,,1
23-705,0,0,0,,,1
23-1109,0,0,0,,,1
23-1112,0,0,0,,,1
23-1141,0,0,0,,,1
23-1197,0,0,0,,,1
23-1256,0,0,0,,,1
23-1259,0,0,0,,,1
23-1272,0,0,0,,,1
23-1289,0,0,0,,,1
23-892,0,0,0,,,0
23-1,309.9113665321432,3.1682539682539685,78.07871032141395,,,0
26-145,0,0,0,,,1
26-611,0,0,0,,,1
26-376,0,0,0,,,1
26-406,0,0,0,,,1
26-565,0,0,0,,,1
26-1076,0,0,0,,,1
26-511,0,0,0,,,0
26-1,410.1768086454836,3.3682539682539683,80.2901214060449,,,0
29-250,0,0,0,,,1
29-514,0,0,0,,,1
29-609,0,0,0,,,1
29-225,0,0,0,,,1
29-793,0,0,0,,,1
29-464,0,0,0,,,1
29-465,0,0,0,,,1
29-612,0,0,0,,,1
29-466,0,0,0,,,1
29-513,0,0,0,,,0
29-1,173.1857636503153,1.6349206349206349,39.221058405756025,,,0
31-776,0,0,0,,,1
31-751,0,0,0,,,0
31-1,428.4068890297273,4.91976911976912,122.14145227300594,,,0
32-465,0,0,0,,,1
32-249,0,0,0,,,1
32-777,0,0,0,,,1
32-778,0,0,0,,,1
32-247,0,0,0,,,1
32-250,0,0,0,,,1
32-752,0,0,0,,,0
32-1,729.2032153697488,7.860894660894661,193.27498262847013,,,0
33-252,0,0,0,,,1
33-431,0,0,0,,,1
33-141,0,0,0,,,1
33-516,0,0,0,,,0
33-1,337.25648710850874,3.925396825396825,97.0988514642828,,,0
34-252,0,0,0,,,1
34-431,0,0,0,,,1
34-672,0,0,0,,,1
34-714,0,0,0,,,1
34-799,0,0,0,,,1
34-800,0,0,0,,,1
34-516,0,0,0,,,0
34-1,738.3182555618706,7.057864357864357,171.87563625797117,,,0
35-166,0,0,0,,,1
35-167,0,0,0,,,1
35-132,0,0,0,,,1
35-517,0,0,0,,,0
35-1,483.09713018245844,5.082539682539683,125.39318704423198,,,0
39-272,0,0,0,,,1
39-555,0,0,0,,,1
39-24,0,0,0,,,1
39-283,0,0,0,,,1
39-552,0,0,0,,,1
39-79,0,0,0,,,1
39-207,0,0,0,,,1
39-418,0,0,0,,,1
39-557,0,0,0,,,1
39-554,0,0,0,,,1
39-556,0,0,0,,,1
39-505,0,0,0,,,1
39-1257,0,0,0,,,1
39-536,0,0,0,,,0
39-1,373.7166478769962,4.058730158730159,99.7989870987528,,,0
40-24,0,0,0,,,1
40-283,0,0,0,,,1
40-552,0,0,0,,,1
40-272,0,0,0,,,1
40-85,0,0,0,,,3
40-976,0,0,0,,,1
40-557,0,0,0,,,1
40-558,0,0,0,,,1
40-553,0,0,0,,,1
40-554,0,0,0,,,1
40-555,0,0,0,,,1
40-556,0,0,0,,,1
40-536,0,0,0,,,0
40-1,829.4686574830891,7.506349206349205,181.58609546684949,,,0
41-288,0,0,0,,,1
41-289,0,0,0,,,1
41-433,0,0,0,,,1
41-520,0,0,0,,,0
41-1,145.84064307394974,2.492063492063492,62.65630704464539,,,0
49-320,0,0,0,,,1
49-478,0,0,0,,,1
49-527,0,0,0,,,0
49-1,346.37152730063065,3.2253968253968255,77.54948373705784,,,0
50-326,0,0,0,,,1
50-629,0,0,0,,,1
50-21,0,0,0,,,1
50-94,0,0,0,,,1
50-22,0,0,0,,,1
50-306,0,0,0,,,1
50-528,0,0,0,,,0
50-1,610.7076928721644,6.1712842712842715,150.96501443731125,,,0
51-94,0,0,0,,,1
51-23,0,0,0,,,1
51-105,0,0,0,,,1
51-381,0,0,0,,,1
51-192,0,0,0,,,1
51-326,0,0,0,,,1
51-63,0,0,0,,,1
51-494,0,0,0,,,1
51-629,0,0,0,,,1
51-261,0,0,0,,,1
51-528,0,0,0,,,0
51-1,610.7076928721644,6.503751803751804,158.51922247523422,,,0
52-21,0,0,0,,,1
52-22,0,0,0,,,1
52-306,0,0,0,,,1
52-326,0,0,0,,,1
52-528,0,0,0,,,0
52-1,346.3715273006306,4.3349206349206355,109.48977389086568,,,0
53-296,0,0,0,,,1
53-33,0,0,0,,,1
53-446,0,0,0,,,1
53-447,0,0,0,,,1
53-448,0,0,0,,,1
53-449,0,0,0,,,1
53-208,0,0,0,,,1
53-297,0,0,0,,,1
53-298,0,0,0,,,1
53-299,0,0,0,,,1
53-531,0,0,0,,,0
53-1,300.7963263400213,2.8349206349206346,68.91715011365721,,,0
54-84,0,0,0,,,1
54-24,0,0,0,,,1
54-101,0,0,0,,,1
54-294,0,0,0,,,1
54-628,0,0,0,,,1
54-661,0,0,0,,,1
54-364,0,0,0,,,1
54-365,0,0,0,,,1
54-560,0,0,0,,,1
54-123,0,0,0,,,0
54-1,446.63696941397103,4.534920634920635,111.7011849754966,,,0
55-16,0,0,0,,,1
55-375,0,0,0,,,1
55-460,0,0,0,,,1
55-378,0,0,0,,,1
55-255,0,0,0,,,1
55-271,0,0,0,,,1
55-376,0,0,0,,,1
55-377,0,0,0,,,1
55-562,0,0,0,,,1
55-502,0,0,0,,,1
55-538,0,0,0,,,0
55-1,72.92032153697487,1.1111111111111112,28.02359592960888,,,0
56-380,0,0,0,,,1
56-749,0,0,0,,,1
56-1339,0,0,0,,,1
56-14,0,0,0,,,1
56-705,0,0,0,,,1
56-779,0,0,0,,,1
56-780,0,0,0,,,1
56-379,0,0,0,,,1
56-643,0,0,0,,,1
56-686,0,0,0,,,1
56-753,0,0,0,,,0
56-1,419.29184883760547,4.357864357864358,105.99194104324081,,,0
57-380,0,0,0,,,1
57-593,0,0,0,,,1
57-746,0,0,0,,,1
57-914,0,0,0,,,1
57-14,0,0,0,,,1
57-379,0,0,0,,,1
57-705,0,0,0,,,1
57-779,0,0,0,,,1
57-780,0,0,0,,,1
57-704,0,0,0,,,1
57-12,0,0,0,,,1
57-15,0,0,0,,,1
57-857,0,0,0,,,1
57-859,0,0,0,,,1
57-753,0,0,0,,,0
57-1,209.64592441880274,3.6396825396825396,91.61757612630868,,,0
58-788,0,0,0,,,1
58-785,0,0,0,,,1
58-786,0,0,0,,,1
58-787,0,0,0,,,1
58-23,0,0,0,,,1
58-381,0,0,0,,,1
58-382,0,0,0,,,1
58-784,0,0,0,,,1
58-789,0,0,0,,,1
58-754,0,0,0,,,0
58-1,227.87600480304647,3.3102453102453104,82.2882217755527,,,0
59-788,0,0,0,,,1
59-785,0,0,0,,,1
59-786,0,0,0,,,1
59-787,0,0,0,,,1
59-754,0,0,0,,,0
59-1,164.07072345819344,2.2626262626262625,56.81707086827296,,,0
61-565,0,0,0,,,1
61-566,0,0,0,,,1
61-564,0,0,0,,,1
61-1159,0,0,0,,,1
61-661,0,0,0,,,1
61-539,0,0,0,,,0
61-1,127.61056268970603,1.992063492063492,49.568363890707175,,,0
62-566,0,0,0,,,1
62-567,0,0,0,,,1
62-1084,0,0,0,,,1
62-1078,0,0,0,,,1
62-1081,0,0,0,,,1
62-539,0,0,0,,,0
62-1,200.53088422668088,2.6435786435786435,65.27389567543304,,,0
66-664,0,0,0,,,1
66-629,0,0,0,,,1
66-180,0,0,0,,,1
66-659,0,0,0,,,1
66-660,0,0,0,,,1
66-388,0,0,0,,,0
66-1,91.15040192121859,1.6111111111111112,41.11153908354709,,,0
67-2,0,0,0,,,1
67-3,0,0,0,,,1
67-664,0,0,0,,,1
67-629,0,0,0,,,1
67-323,0,0,0,,,1
67-324,0,0,0,,,1
67-393,0,0,0,,,1
67-128,0,0,0,,,1
67-180,0,0,0,,,1
67-394,0,0,0,,,1
67-659,0,0,0,,,1
67-389,0,0,0,,,1
67-4,0,0,0,,,1
67-1302,0,0,0,,,1
67-388,0,0,0,,,0
67-1,173.18576365031532,1.9142857142857144,47.314476722818014,,,0
68-662,0,0,0,,,1
68-101,0,0,0,,,1
68-460,0,0,0,,,1
68-661,0,0,0,,,1
68-62,0,0,0,,,1
68-628,0,0,0,,,0
68-1,109.3804823054623,1.492063492063492,36.48042073676896,,,0
69-458,0,0,0,,,1
69-570,0,0,0,,,1
69-977,0,0,0,,,1
69-62,0,0,0,,,1
69-336,0,0,0,,,1
69-540,0,0,0,,,0
69-1,109.3804823054623,1.492063492063492,36.48042073676896,,,0
71-569,0,0,0,,,1
71-571,0,0,0,,,1
71-1355,0,0,0,,,1
71-101,0,0,0,,,1
71-655,0,0,0,,,1
71-1213,0,0,0,,,1
71-798,0,0,0,,,1
71-572,0,0,0,,,1
71-540,0,0,0,,,0
71-1,410.1768086454836,4.7808080808080815,117.56728224142753,,,0
72-21,0,0,0,,,1
72-324,0,0,0,,,1
72-630,0,0,0,,,1
72-94,0,0,0,,,1
72-664,0,0,0,,,1
72-304,0,0,0,,,1
72-128,0,0,0,,,1
72-323,0,0,0,,,1
72-663,0,0,0,,,1
72-570,0,0,0,,,1
72-494,0,0,0,,,1
72-305,0,0,0,,,1
72-309,0,0,0,,,1
72-571,0,0,0,,,1
72-655,0,0,0,,,1
72-388,0,0,0,,,1
72-62,0,0,0,,,1
72-629,0,0,0,,,0
72-1,556.0174517194333,6.914141414141414,173.35993938960553,,,0
74-576,0,0,0,,,1
74-656,0,0,0,,,1
74-575,0,0,0,,,1
74-317,0,0,0,,,1
74-574,0,0,0,,,1
74-578,0,0,0,,,1
74-541,0,0,0,,,0
74-1,346.37152730063065,4.11024531024531,101.0776941885054,,,0
79-597,0,0,0,,,1
79-598,0,0,0,,,1
79-688,0,0,0,,,1
79-708,0,0,0,,,1
79-713,0,0,0,,,1
79-544,0,0,0,,,0
79-1,592.4776124879207,5.336507936507937,128.67274001955766,,,0
80-594,0,0,0,,,1
80-597,0,0,0,,,1
80-596,0,0,0,,,1
80-598,0,0,0,,,1
80-544,0,0,0,,,0
80-1,300.7963263400213,2.8349206349206346,68.91715011365721,,,0
81-672,0,0,0,,,1
81-799,0,0,0,,,1
81-631,0,0,0,,,0
81-1,319.02640672426503,3.5015873015873016,87.24027052917072,,,0
82-676,0,0,0,,,1
82-677,0,0,0,,,1
82-678,0,0,0,,,1
82-679,0,0,0,,,1
82-205,0,0,0,,,1
82-632,0,0,0,,,0
82-1,227.87600480304647,2.7444444444444445,67.7537773888627,,,0
83-680,0,0,0,,,1
83-681,0,0,0,,,1
83-682,0,0,0,,,1
83-683,0,0,0,,,1
83-633,0,0,0,,,0
83-1,82.03536172909672,1.2777777777777777,31.949978875790343,,,0
84-606,0,0,0,,,1
84-406,0,0,0,,,1
84-608,0,0,0,,,1
84-142,0,0,0,,,1
84-294,0,0,0,,,1
84-354,0,0,0,,,1
84-522,0,0,0,,,1
84-962,0,0,0,,,1
84-1192,0,0,0,,,1
84-1213,0,0,0,,,1
84-873,0,0,0,,,1
84-546,0,0,0,,,0
84-1,455.75200960609294,4.544444444444444,111.87669379173715,,,0
85-608,0,0,0,,,1
85-406,0,0,0,,,1
85-606,0,0,0,,,1
85-710,0,0,0,,,1
85-546,0,0,0,,,0
85-1,865.9288182515766,7.139682539682539,171.06328116565777,,,0
86-594,0,0,0,,,1
86-790,0,0,0,,,1
86-755,0,0,0,,,0
86-1,391.9467282612399,4.263492063492064,104.15392014349086,,,0
87-606,0,0,0,,,1
87-611,0,0,0,,,1
87-562,0,0,0,,,1
87-50,0,0,0,,,1
87-236,0,0,0,,,1
87-609,0,0,0,,,1
87-612,0,0,0,,,1
87-406,0,0,0,,,1
87-547,0,0,0,,,0
87-1,464.8670497982148,4.415873015873016,107.07006662871848,,,0
93-691,0,0,0,,,1
93-635,0,0,0,,,0
93-1,838.583697675211,8.227561327561327,199.41277665928254,,,0
94-24,0,0,0,,,1
94-283,0,0,0,,,1
94-294,0,0,0,,,1
94-559,0,0,0,,,1
94-689,0,0,0,,,1
94-690,0,0,0,,,1
94-101,0,0,0,,,1
94-1393,0,0,0,,,1
94-354,0,0,0,,,1
94-1104,0,0,0,,,1
94-1161,0,0,0,,,1
94-1395,0,0,0,,,1
94-635,0,0,0,,,0
94-1,747.4332957539924,6.743578643578644,163.0650936826955,,,0
95-283,0,0,0,,,1
95-662,0,0,0,,,1
95-635,0,0,0,,,0
95-1,291.68128614789947,3.573015873015873,87.72128040576843,,,0
97-699,0,0,0,,,1
97-700,0,0,0,,,1
97-701,0,0,0,,,1
97-698,0,0,0,,,1
97-1289,0,0,0,,,1
97-702,0,0,0,,,1
97-703,0,0,0,,,1
97-779,0,0,0,,,1
97-1339,0,0,0,,,1
97-681,0,0,0,,,1
97-637,0,0,0,,,0
97-1,154.9556832660716,2.2063492063492065,54.09880575168579,,,0
98-713,0,0,0,,,1
98-708,0,0,0,,,1
98-709,0,0,0,,,1
98-711,0,0,0,,,1
98-712,0,0,0,,,1
98-638,0,0,0,,,0
98-1,319.0264067242651,3.1777777777777776,78.2542191376545,,,0
99-717,0,0,0,,,1
99-719,0,0,0,,,1
99-1001,0,0,0,,,1
99-1379,0,0,0,,,1
99-639,0,0,0,,,0
99-1,464.86704979821474,4.73968253968254,116.05611802023469,,,0
100-821,0,0,0,,,1
100-822,0,0,0,,,1
100-824,0,0,0,,,1
100-820,0,0,0,,,1
100-823,0,0,0,,,1
100-825,0,0,0,,,1
100-1122,0,0,0,,,1
100-1051,0,0,0,,,1
100-1121,0,0,0,,,1
100-760,0,0,0,,,0
100-1,63.80528134485301,0.7777777777777778,18.86203572185213,,,0
101-817,0,0,0,,,1
101-818,0,0,0,,,1
101-819,0,0,0,,,1
101-820,0,0,0,,,1
101-825,0,0,0,,,1
101-824,0,0,0,,,1
101-760,0,0,0,,,0
101-1,464.8670497982148,5.034920634920636,124.78912812943483,,,0
102-728,0,0,0,,,1
102-913,0,0,0,,,1
102-910,0,0,0,,,1
102-911,0,0,0,,,1
102-729,0,0,0,,,0
102-1,364.60160768487435,3.780808080808081,91.74833983774943,,,0
103-826,0,0,0,,,1
103-828,0,0,0,,,1
103-761,0,0,0,,,0
103-1,1048.2296220940136,9.11890331890332,219.66417965146974,,,0
104-833,0,0,0,,,1
104-834,0,0,0,,,1
104-835,0,0,0,,,1
104-836,0,0,0,,,1
104-837,0,0,0,,,1
104-762,0,0,0,,,0
104-1,173.1857636503153,1.6349206349206349,39.221058405756025,,,0
105-848,0,0,0,,,1
105-844,0,0,0,,,1
105-845,0,0,0,,,1
105-846,0,0,0,,,1
105-847,0,0,0,,,1
105-764,0,0,0,,,0
105-1,674.5129742170176,7.316594516594516,178.2761602930821,,,0
106-847,0,0,0,,,1
106-846,0,0,0,,,1
106-849,0,0,0,,,1
106-844,0,0,0,,,1
106-845,0,0,0,,,1
106-764,0,0,0,,,0
106-1,483.0971301824585,5.146608946608947,125.07225663739212,,,0
107-725,0,0,0,,,1
107-728,0,0,0,,,1
107-729,0,0,0,,,1
107-911,0,0,0,,,1
107-720,0,0,0,,,1
107-75,0,0,0,,,1
107-909,0,0,0,,,1
107-640,0,0,0,,,0
107-1,638.0528134485301,7.171284271284271,178.44969506058152,,,0
108-724,0,0,0,,,1
108-726,0,0,0,,,1
108-727,0,0,0,,,1
108-75,0,0,0,,,1
108-909,0,0,0,,,1
108-720,0,0,0,,,1
108-723,0,0,0,,,1
108-640,0,0,0,,,0
108-1,428.4068890297273,5.161760461760461,127.68984526817977,,,0
109-860,0,0,0,,,1
109-861,0,0,0,,,1
109-606,0,0,0,,,1
109-980,0,0,0,,,1
109-12,0,0,0,,,1
109-766,0,0,0,,,0
109-1,282.5662459557776,3.792063492063492,94.53372261153626,,,0
110-862,0,0,0,,,1
110-863,0,0,0,,,1
110-31,0,0,0,,,1
110-1174,0,0,0,,,1
110-766,0,0,0,,,0
110-1,227.87600480304647,2.358730158730159,57.014952236913395,,,0
111-15,0,0,0,,,1
111-391,0,0,0,,,1
111-864,0,0,0,,,1
111-914,0,0,0,,,1
111-392,0,0,0,,,1
111-627,0,0,0,,,1
111-658,0,0,0,,,1
111-894,0,0,0,,,0
111-1,227.87600480304647,2.358730158730159,57.014952236913395,,,0
112-731,0,0,0,,,1
112-730,0,0,0,,,1
112-641,0,0,0,,,0
112-1,100.26544211334044,1.7111111111111112,43.2928629425368,,,0
113-746,0,0,0,,,1
113-748,0,0,0,,,1
113-749,0,0,0,,,1
113-265,0,0,0,,,1
113-643,0,0,0,,,0
113-1,127.61056268970603,1.992063492063492,49.568363890707175,,,0
114-919,0,0,0,,,1
114-916,0,0,0,,,1
114-920,0,0,0,,,1
114-921,0,0,0,,,1
114-895,0,0,0,,,0
114-1,574.247532103677,5.273015873015873,127.42908931262235,,,0
116-922,0,0,0,,,1
116-360,0,0,0,,,1
116-605,0,0,0,,,1
116-927,0,0,0,,,1
116-492,0,0,0,,,1
116-896,0,0,0,,,0
116-1,729.2032153697486,7.638816738816739,186.9288924201415,,,0
118-923,0,0,0,,,1
118-924,0,0,0,,,1
118-925,0,0,0,,,1
118-896,0,0,0,,,0
118-1,701.8580947933831,6.14920634920635,148.13912962900736,,,0
119-926,0,0,0,,,1
119-897,0,0,0,,,0
119-1,583.3625722957989,5.43968253968254,131.35547225880381,,,0
120-829,0,0,0,,,1
120-887,0,0,0,,,1
120-890,0,0,0,,,1
120-885,0,0,0,,,1
120-886,0,0,0,,,1
120-888,0,0,0,,,1
120-889,0,0,0,,,1
120-1146,0,0,0,,,1
120-891,0,0,0,,,1
120-769,0,0,0,,,0
120-1,601.5926526800426,5.782539682539682,140.69254128280113,,,0
121-885,0,0,0,,,1
121-886,0,0,0,,,1
121-1146,0,0,0,,,1
121-887,0,0,0,,,1
121-888,0,0,0,,,1
121-890,0,0,0,,,1
121-891,0,0,0,,,1
121-769,0,0,0,,,0
121-1,537.7873713351896,4.900721500721501,117.54042115186905,,,0
122-931,0,0,0,,,1
122-932,0,0,0,,,1
122-934,0,0,0,,,1
122-935,0,0,0,,,1
122-936,0,0,0,,,1
122-937,0,0,0,,,1
122-938,0,0,0,,,1
122-957,0,0,0,,,1
122-1131,0,0,0,,,1
122-898,0,0,0,,,0
122-1,136.72560288182788,2.944444444444444,76.44898559918028,,,0
123-966,0,0,0,,,1
123-967,0,0,0,,,1
123-941,0,0,0,,,0
123-1,236.99104499516832,2.8492063492063493,69.92738657461106,,,0
126-974,0,0,0,,,1
126-1326,0,0,0,,,1
126-187,0,0,0,,,1
126-969,0,0,0,,,1
126-970,0,0,0,,,1
126-971,0,0,0,,,1
126-972,0,0,0,,,1
126-973,0,0,0,,,1
126-942,0,0,0,,,0
126-1,291.68128614789947,3.628427128427129,88.83219335252181,,,0
128-985,0,0,0,,,1
128-990,0,0,0,,,1
128-945,0,0,0,,,0
128-1,227.87600480304644,4.925396825396826,127.65975804253853,,,0
130-766,0,0,0,,,1
130-858,0,0,0,,,1
130-859,0,0,0,,,1
130-1008,0,0,0,,,1
130-12,0,0,0,,,1
130-948,0,0,0,,,0
130-1,528.6723311430677,4.558730158730159,109.81070429770554,,,0
131-1014,0,0,0,,,1
131-1020,0,0,0,,,1
131-1013,0,0,0,,,1
131-1016,0,0,0,,,1
131-1017,0,0,0,,,1
131-1012,0,0,0,,,1
131-1018,0,0,0,,,1
131-1019,0,0,0,,,1
131-950,0,0,0,,,0
131-1,282.5662459557776,4.025396825396826,101.51395896030331,,,0
132-1014,0,0,0,,,1
132-1013,0,0,0,,,1
132-1015,0,0,0,,,1
132-1016,0,0,0,,,1
132-1012,0,0,0,,,1
132-1018,0,0,0,,,1
132-1019,0,0,0,,,1
132-1017,0,0,0,,,1
132-951,0,0,0,,,1
132-1023,0,0,0,,,1
132-1020,0,0,0,,,1
132-952,0,0,0,,,1
132-1024,0,0,0,,,1
132-1025,0,0,0,,,1
132-1026,0,0,0,,,1
132-950,0,0,0,,,0
132-1,328.14144691638694,4.176046176046176,102.52419542125719,,,0
133-1020,0,0,0,,,1
133-1018,0,0,0,,,1
133-1019,0,0,0,,,1
133-1024,0,0,0,,,1
133-1012,0,0,0,,,1
133-1016,0,0,0,,,1
133-1022,0,0,0,,,1
133-950,0,0,0,,,0
133-1,236.99104499516832,3.41024531024531,84.46954563454241,,,0
135-1018,0,0,0,,,1
135-1017,0,0,0,,,1
135-1023,0,0,0,,,1
135-1024,0,0,0,,,1
135-1025,0,0,0,,,1
135-1026,0,0,0,,,1
135-950,0,0,0,,,1
135-1016,0,0,0,,,1
135-951,0,0,0,,,0
135-1,610.7076928721646,6.2825396825396815,155.08927875213317,,,0
136-1021,0,0,0,,,1
136-1022,0,0,0,,,1
136-1034,0,0,0,,,1
136-951,0,0,0,,,0
136-1,628.9377732564081,6.715007215007215,163.516016333652,,,0
137-1029,0,0,0,,,1
137-1034,0,0,0,,,1
137-951,0,0,0,,,1
137-1021,0,0,0,,,1
137-952,0,0,0,,,0
137-1,483.09713018245844,6.380808080808081,158.65549165803358,,,0
138-846,0,0,0,,,1
138-1036,0,0,0,,,1
138-953,0,0,0,,,0
138-1,63.80528134485301,0.7777777777777778,18.86203572185213,,,0
139-1031,0,0,0,,,1
139-1032,0,0,0,,,1
139-1035,0,0,0,,,1
139-1037,0,0,0,,,1
139-953,0,0,0,,,0
139-1,91.15040192121859,1.6111111111111112,41.11153908354709,,,0
140-1038,0,0,0,,,1
140-1039,0,0,0,,,1
140-1041,0,0,0,,,1
140-1042,0,0,0,,,1
140-1043,0,0,0,,,1
140-1044,0,0,0,,,1
140-954,0,0,0,,,0
140-1,838.583697675211,9.500721500721504,233.5085465167216,,,0
141-1038,0,0,0,,,1
141-1041,0,0,0,,,1
141-1043,0,0,0,,,1
141-1044,0,0,0,,,1
141-1039,0,0,0,,,1
141-1042,0,0,0,,,1
141-954,0,0,0,,,0
141-1,364.60160768487435,4.776911976911977,119.40081460401888,,,0
142-1042,0,0,0,,,1
142-954,0,0,0,,,0
142-1,519.5572909509459,5.019769119769119,122.17153949864718,,,0
143-1043,0,0,0,,,1
143-1044,0,0,0,,,1
143-954,0,0,0,,,0
143-1,282.5662459557776,3.1292929292929292,77.35160236841739,,,0
145-763,0,0,0,,,1
145-838,0,0,0,,,1
145-839,0,0,0,,,1
145-1045,0,0,0,,,1
145-743,0,0,0,,,1
145-852,0,0,0,,,1
145-841,0,0,0,,,1
145-955,0,0,0,,,0
145-1,264.3361655715339,3.2920634920634924,81.44577945759806,,,0
146-840,0,0,0,,,1
146-1045,0,0,0,,,1
146-955,0,0,0,,,0
146-1,410.1768086454837,4.763492063492064,117.24186329742909,,,0
147-889,0,0,0,,,1
147-1046,0,0,0,,,1
147-1048,0,0,0,,,1
147-1047,0,0,0,,,1
147-1049,0,0,0,,,1
147-1051,0,0,0,,,1
147-1050,0,0,0,,,1
147-843,0,0,0,,,1
147-926,0,0,0,,,1
147-822,0,0,0,,,1
147-956,0,0,0,,,0
147-1,118.49552249758415,2.444444444444444,63.361042445242056,,,0
148-889,0,0,0,,,1
148-1048,0,0,0,,,1
148-1050,0,0,0,,,1
148-1046,0,0,0,,,1
148-1049,0,0,0,,,1
148-843,0,0,0,,,1
148-956,0,0,0,,,0
148-1,200.53088422668088,4.025396825396826,103.66519559365179,,,0
149-1057,0,0,0,,,1
149-1058,0,0,0,,,1
149-1059,0,0,0,,,1
149-1052,0,0,0,,,1
149-930,0,0,0,,,1
149-931,0,0,0,,,1
149-934,0,0,0,,,1
149-936,0,0,0,,,1
149-937,0,0,0,,,1
149-938,0,0,0,,,1
149-1131,0,0,0,,,1
149-957,0,0,0,,,0
149-1,528.6723311430677,4.5587301587301585,109.81070429770554,,,0
150-1074,0,0,0,,,1
150-1075,0,0,0,,,1
150-1062,0,0,0,,,0
150-1,483.0971301824585,5.082539682539682,125.39318704423198,,,0
152-1076,0,0,0,,,1
152-1077,0,0,0,,,1
152-569,0,0,0,,,1
152-572,0,0,0,,,1
152-687,0,0,0,,,1
152-655,0,0,0,,,1
152-1062,0,0,0,,,0
152-1,173.1857636503153,1.6349206349206349,39.221058405756025,,,0
153-1078,0,0,0,,,1
153-1083,0,0,0,,,1
153-1084,0,0,0,,,1
153-1080,0,0,0,,,1
153-1081,0,0,0,,,1
153-1082,0,0,0,,,1
153-1085,0,0,0,,,1
153-1063,0,0,0,,,0
153-1,410.1768086454837,3.3682539682539683,80.2901214060449,,,0
154-1087,0,0,0,,,1
154-1088,0,0,0,,,1
154-1063,0,0,0,,,0
154-1,601.5926526800426,5.8379509379509384,141.80345422955452,,,0
155-1103,0,0,0,,,1
155-1100,0,0,0,,,1
155-983,0,0,0,,,1
155-1101,0,0,0,,,1
155-1104,0,0,0,,,1
155-1099,0,0,0,,,1
155-1065,0,0,0,,,0
155-1,638.0528134485301,5.9769119769119765,144.71188604154077,,,0
156-983,0,0,0,,,1
156-1102,0,0,0,,,1
156-1097,0,0,0,,,1
156-1100,0,0,0,,,1
156-274,0,0,0,,,1
156-1096,0,0,0,,,1
156-1098,0,0,0,,,1
156-1099,0,0,0,,,1
156-1103,0,0,0,,,1
156-982,0,0,0,,,1
156-1104,0,0,0,,,1
156-553,0,0,0,,,1
156-1101,0,0,0,,,1
156-82,0,0,0,,,1
156-1065,0,0,0,,,0
156-1,136.72560288182788,2.092063492063492,51.749687749696875,,,0
157-273,0,0,0,,,1
157-1105,0,0,0,,,1
157-1106,0,0,0,,,1
157-93,0,0,0,,,1
157-161,0,0,0,,,1
157-302,0,0,0,,,1
157-122,0,0,0,,,1
157-666,0,0,0,,,1
157-1107,0,0,0,,,1
157-556,0,0,0,,,1
157-25,0,0,0,,,1
157-1011,0,0,0,,,1
157-19,0,0,0,,,1
157-35,0,0,0,,,1
157-1355,0,0,0,,,1
157-372,0,0,0,,,1
157-410,0,0,0,,,1
157-456,0,0,0,,,1
157-36,0,0,0,,,1
157-44,0,0,0,,,1
157-215,0,0,0,,,1
157-626,0,0,0,,,1
157-1151,0,0,0,,,1
157-354,0,0,0,,,1
157-369,0,0,0,,,1
157-370,0,0,0,,,1
157-421,0,0,0,,,1
157-557,0,0,0,,,1
157-605,0,0,0,,,1
157-655,0,0,0,,,1
157-657,0,0,0,,,1
157-689,0,0,0,,,1
157-1307,0,0,0,,,1
157-318,0,0,0,,,1
157-423,0,0,0,,,1
157-1304,0,0,0,,,1
157-160,0,0,0,,,1
157-482,0,0,0,,,1
157-572,0,0,0,,,1
157-1006,0,0,0,,,0
157-1,720.0881751776269,8.365656565656566,205.09887657181432,,,0
158-302,0,0,0,,,1
158-1011,0,0,0,,,1
158-552,0,0,0,,,1
158-998,0,0,0,,,1
158-1009,0,0,0,,,1
158-1010,0,0,0,,,1
158-273,0,0,0,,,1
158-556,0,0,0,,,1
158-1006,0,0,0,,,0
158-1,300.7963263400213,2.834920634920635,68.91715011365721,,,0
160-1134,0,0,0,,,1
160-1137,0,0,0,,,1
160-1138,0,0,0,,,1
160-1135,0,0,0,,,1
160-1136,0,0,0,,,1
160-1071,0,0,0,,,0
160-1,109.3804823054623,1.492063492063492,36.48042073676896,,,0
161-54,0,0,0,,,1
161-1386,0,0,0,,,1
161-562,0,0,0,,,1
161-336,0,0,0,,,1
161-55,0,0,0,,,1
161-996,0,0,0,,,1
161-489,0,0,0,,,0
161-1,638.0528134485301,5.886435786435787,142.70607099879163,,,0
163-20,0,0,0,,,1
163-56,0,0,0,,,1
163-57,0,0,0,,,1
163-492,0,0,0,,,0
163-1,373.71664787699615,4.14920634920635,101.80480214150194,,,0
164-311,0,0,0,,,1
164-415,0,0,0,,,1
164-416,0,0,0,,,1
164-798,0,0,0,,,1
164-316,0,0,0,,,1
164-335,0,0,0,,,1
164-1364,0,0,0,,,1
164-1367,0,0,0,,,1
164-503,0,0,0,,,0
164-1,738.3182555618706,6.853968253968254,165.58200582768364,,,0
165-71,0,0,0,,,1
165-72,0,0,0,,,1
165-504,0,0,0,,,0
165-1,82.03536172909672,1.2777777777777777,31.949978875790343,,,0
167-274,0,0,0,,,1
167-82,0,0,0,,,1
167-509,0,0,0,,,0
167-1,938.8491397885516,10.744300144300146,265.8140315621516,,,0
168-217,0,0,0,,,1
168-774,0,0,0,,,1
168-750,0,0,0,,,0
168-1,510.44225075882406,6.239682539682539,156.62874179744313,,,0
169-118,0,0,0,,,1
169-157,0,0,0,,,1
169-774,0,0,0,,,1
169-775,0,0,0,,,1
169-750,0,0,0,,,0
169-1,783.8934565224799,7.843578643578643,192.73109816495543,,,0
170-139,0,0,0,,,1
170-238,0,0,0,,,1
170-239,0,0,0,,,1
170-904,0,0,0,,,1
170-906,0,0,0,,,1
170-672,0,0,0,,,1
170-893,0,0,0,,,0
170-1,838.5836976752112,7.1007215007215,170.3361732126612,,,0
171-252,0,0,0,,,1
171-431,0,0,0,,,1
171-141,0,0,0,,,1
171-516,0,0,0,,,0
171-1,565.1324919115552,6.053102453102453,148.78369057832154,,,0
173-367,0,0,0,,,1
173-451,0,0,0,,,1
173-532,0,0,0,,,0
173-1,528.6723311430677,4.5587301587301585,109.81070429770554,,,0
175-351,0,0,0,,,1
175-966,0,0,0,,,1
175-967,0,0,0,,,1
175-964,0,0,0,,,1
175-965,0,0,0,,,1
175-941,0,0,0,,,0
175-1,583.3625722957988,5.763492063492063,140.34152365032003,,,0
176-582,0,0,0,,,1
176-583,0,0,0,,,1
176-584,0,0,0,,,1
176-585,0,0,0,,,1
176-978,0,0,0,,,1
176-586,0,0,0,,,1
176-982,0,0,0,,,1
176-542,0,0,0,,,0
176-1,164.07072345819344,3.1587301587301586,80.97942746015889,,,0
177-588,0,0,0,,,1
177-589,0,0,0,,,1
177-592,0,0,0,,,1
177-772,0,0,0,,,1
177-590,0,0,0,,,1
177-543,0,0,0,,,0
177-1,638.0528134485302,6.669841269841269,164.01018653519088,,,0
181-973,0,0,0,,,1
181-974,0,0,0,,,1
181-409,0,0,0,,,1
181-997,0,0,0,,,1
181-1061,0,0,0,,,1
181-942,0,0,0,,,0
181-1,428.4068890297274,4.367388167388168,106.16744985948137,,,0
182-685,0,0,0,,,1
182-686,0,0,0,,,1
182-634,0,0,0,,,0
182-1,893.2739388279422,10.361038961038963,256.06402743329744,,,0
183-803,0,0,0,,,1
183-808,0,0,0,,,1
183-802,0,0,0,,,1
183-807,0,0,0,,,1
183-811,0,0,0,,,1
183-253,0,0,0,,,1
183-804,0,0,0,,,1
183-805,0,0,0,,,1
183-806,0,0,0,,,1
183-809,0,0,0,,,1
183-810,0,0,0,,,1
183-1243,0,0,0,,,1
183-1247,0,0,0,,,1
183-758,0,0,0,,,0
183-1,118.49552249758415,2.211111111111111,56.38080609647501,,,0
184-32,0,0,0,,,1
184-67,0,0,0,,,1
184-715,0,0,0,,,1
184-717,0,0,0,,,1
184-716,0,0,0,,,1
184-499,0,0,0,,,1
184-1379,0,0,0,,,1
184-639,0,0,0,,,0
184-1,72.92032153697487,1.1111111111111112,28.02359592960888,,,0
187-838,0,0,0,,,1
187-839,0,0,0,,,1
187-840,0,0,0,,,1
187-743,0,0,0,,,1
187-842,0,0,0,,,1
187-1045,0,0,0,,,1
187-763,0,0,0,,,0
187-1,401.06176845336176,4.991197691197691,122.62246214960368,,,0
189-395,0,0,0,,,1
189-866,0,0,0,,,1
189-869,0,0,0,,,1
189-865,0,0,0,,,1
189-868,0,0,0,,,1
189-870,0,0,0,,,1
189-867,0,0,0,,,1
189-872,0,0,0,,,1
189-873,0,0,0,,,1
189-767,0,0,0,,,0
189-1,246.10608518729018,2.9141414141414144,71.213808337605,,,0
190-15,0,0,0,,,1
190-391,0,0,0,,,1
190-285,0,0,0,,,1
190-390,0,0,0,,,1
190-864,0,0,0,,,1
190-894,0,0,0,,,0
190-1,209.64592441880274,2.477777777777778,61.64607058369153,,,0
196-51,0,0,0,,,1
196-185,0,0,0,,,1
196-874,0,0,0,,,1
196-878,0,0,0,,,1
196-879,0,0,0,,,1
196-880,0,0,0,,,1
196-12,0,0,0,,,1
196-875,0,0,0,,,1
196-876,0,0,0,,,1
196-202,0,0,0,,,1
196-746,0,0,0,,,1
196-13,0,0,0,,,1
196-184,0,0,0,,,0
196-1,683.6280144091394,5.806349206349207,138.80206060501004,,,0
200-1134,0,0,0,,,1
200-1137,0,0,0,,,1
200-1138,0,0,0,,,1
200-1071,0,0,0,,,0
200-1,145.84064307394974,2.6587301587301586,67.89148430622066,,,0
201-552,0,0,0,,,1
201-625,0,0,0,,,1
201-1296,0,0,0,,,1
201-93,0,0,0,,,1
201-1151,0,0,0,,,1
201-401,0,0,0,,,1
201-110,0,0,0,,,1
201-1391,0,0,0,,,1
201-423,0,0,0,,,1
201-541,0,0,0,,,1
201-1295,0,0,0,,,1
201-318,0,0,0,,,1
201-1304,0,0,0,,,1
201-160,0,0,0,,,1
201-369,0,0,0,,,1
201-482,0,0,0,,,1
201-1140,0,0,0,,,0
201-1,182.30080384243715,1.9682539682539684,48.382618613512776,,,0
202-1303,0,0,0,,,1
202-1304,0,0,0,,,1
202-1309,0,0,0,,,1
202-1306,0,0,0,,,1
202-1308,0,0,0,,,1
202-605,0,0,0,,,1
202-602,0,0,0,,,1
202-603,0,0,0,,,1
202-604,0,0,0,,,1
202-1110,0,0,0,,,1
202-1305,0,0,0,,,1
202-1310,0,0,0,,,1
202-48,0,0,0,,,1
202-232,0,0,0,,,1
202-1285,0,0,0,,,0
202-1,200.53088422668085,2.234920634920635,54.49032541868394,,,0
203-58,0,0,0,,,1
203-1305,0,0,0,,,1
203-1306,0,0,0,,,1
203-602,0,0,0,,,1
203-603,0,0,0,,,1
203-604,0,0,0,,,1
203-1307,0,0,0,,,1
203-1310,0,0,0,,,1
203-19,0,0,0,,,1
203-232,0,0,0,,,1
203-323,0,0,0,,,1
203-688,0,0,0,,,1
203-122,0,0,0,,,1
203-1188,0,0,0,,,1
203-1285,0,0,0,,,0
203-1,811.2385770988456,7.89119769119769,192.0263627643588,,,0
204-572,0,0,0,,,1
204-1311,0,0,0,,,1
204-63,0,0,0,,,1
204-540,0,0,0,,,1
204-602,0,0,0,,,1
204-603,0,0,0,,,1
204-604,0,0,0,,,1
204-1305,0,0,0,,,1
204-1188,0,0,0,,,1
204-307,0,0,0,,,1
204-1213,0,0,0,,,1
204-655,0,0,0,,,1
204-1355,0,0,0,,,1
204-68,0,0,0,,,1
204-1285,0,0,0,,,0
204-1,464.8670497982148,4.801587301587301,117.80889178066778,,,0
205-1321,0,0,0,,,1
205-1322,0,0,0,,,1
205-1287,0,0,0,,,0
205-1,437.52192922184923,4.201587301587302,102.53962476773987,,,0
206-1338,0,0,0,,,1
206-1341,0,0,0,,,1
206-1340,0,0,0,,,1
206-1290,0,0,0,,,0
206-1,337.25648710850874,4.795959595959596,121.85060909180731,,,0
208-163,0,0,0,,,1
208-1344,0,0,0,,,1
208-1345,0,0,0,,,1
208-164,0,0,0,,,1
208-1347,0,0,0,,,1
208-1346,0,0,0,,,1
208-1291,0,0,0,,,0
208-1,638.0528134485301,5.415873015873015,130.16972698160941,,,0
209-1351,0,0,0,,,1
209-1356,0,0,0,,,1
209-1350,0,0,0,,,1
209-187,0,0,0,,,1
209-487,0,0,0,,,1
209-45,0,0,0,,,1
209-55,0,0,0,,,1
209-316,0,0,0,,,1
209-1383,0,0,0,,,1
209-1385,0,0,0,,,1
209-1106,0,0,0,,,1
209-1228,0,0,0,,,1
209-1292,0,0,0,,,0
209-1,929.7340995964294,8.353968253968254,201.7696093345128,,,0
210-1171,0,0,0,,,1
210-891,0,0,0,,,1
210-1172,0,0,0,,,1
210-1173,0,0,0,,,1
210-1030,0,0,0,,,1
210-1174,0,0,0,,,1
210-1145,0,0,0,,,0
210-1,246.10608518729018,2.858730158730159,70.10289539085161,,,0
211-891,0,0,0,,,1
211-1172,0,0,0,,,1
211-1173,0,0,0,,,1
211-1174,0,0,0,,,1
211-763,0,0,0,,,1
211-769,0,0,0,,,1
211-1030,0,0,0,,,1
211-1031,0,0,0,,,1
211-1033,0,0,0,,,1
211-1052,0,0,0,,,1
211-1068,0,0,0,,,1
211-1145,0,0,0,,,0
211-1,236.99104499516832,2.8492063492063493,69.92738657461106,,,0
212-888,0,0,0,,,1
212-889,0,0,0,,,1
212-1178,0,0,0,,,1
212-885,0,0,0,,,1
212-887,0,0,0,,,1
212-886,0,0,0,,,1
212-841,0,0,0,,,1
212-1176,0,0,0,,,1
212-1177,0,0,0,,,1
212-890,0,0,0,,,1
212-769,0,0,0,,,1
212-891,0,0,0,,,1
212-1173,0,0,0,,,1
212-843,0,0,0,,,1
212-1146,0,0,0,,,0
212-1,72.92032153697487,1.1111111111111112,28.02359592960888,,,0
213-888,0,0,0,,,1
213-885,0,0,0,,,1
213-887,0,0,0,,,1
213-889,0,0,0,,,1
213-1178,0,0,0,,,1
213-769,0,0,0,,,1
213-1173,0,0,0,,,1
213-1177,0,0,0,,,1
213-886,0,0,0,,,1
213-890,0,0,0,,,1
213-843,0,0,0,,,1
213-1146,0,0,0,,,0
213-1,355.4865674927525,3.715873015873016,90.46191807475549,,,0
214-833,0,0,0,,,1
214-1361,0,0,0,,,1
214-1362,0,0,0,,,1
214-1363,0,0,0,,,1
214-1294,0,0,0,,,0
214-1,537.7873713351896,5.049206349206349,122.72313863540319,,,0
215-37,0,0,0,,,1
215-35,0,0,0,,,1
215-535,0,0,0,,,0
215-1,291.68128614789947,4.125396825396826,103.69528281929303,,,0
216-156,0,0,0,,,1
216-506,0,0,0,,,0
216-1,437.5219292218492,4.700721500721501,115.3290100672381,,,0
217-666,0,0,0,,,1
217-667,0,0,0,,,1
217-1258,0,0,0,,,1
217-1394,0,0,0,,,1
217-668,0,0,0,,,1
217-670,0,0,0,,,1
217-1204,0,0,0,,,1
217-1391,0,0,0,,,1
217-1395,0,0,0,,,1
217-1300,0,0,0,,,1
217-37,0,0,0,,,1
217-559,0,0,0,,,1
217-630,0,0,0,,,1
217-1107,0,0,0,,,1
217-1213,0,0,0,,,1
217-1191,0,0,0,,,0
217-1,410.1768086454837,3.3682539682539683,80.2901214060449,,,0
218-24,0,0,0,,,1
218-101,0,0,0,,,1
218-666,0,0,0,,,1
218-667,0,0,0,,,1
218-93,0,0,0,,,1
218-1258,0,0,0,,,1
218-1393,0,0,0,,,1
218-559,0,0,0,,,1
218-630,0,0,0,,,1
218-662,0,0,0,,,1
218-1104,0,0,0,,,1
218-1107,0,0,0,,,1
218-1204,0,0,0,,,1
218-1213,0,0,0,,,1
218-1300,0,0,0,,,1
218-1191,0,0,0,,,0
218-1,200.53088422668085,2.468253968253968,61.47056176745098,,,0
219-1391,0,0,0,,,1
219-666,0,0,0,,,1
219-667,0,0,0,,,1
219-1258,0,0,0,,,1
219-1078,0,0,0,,,1
219-1080,0,0,0,,,1
219-1081,0,0,0,,,1
219-1394,0,0,0,,,1
219-1395,0,0,0,,,1
219-1214,0,0,0,,,1
219-1198,0,0,0,,,1
219-1204,0,0,0,,,1
219-1300,0,0,0,,,1
219-559,0,0,0,,,1
219-630,0,0,0,,,1
219-662,0,0,0,,,1
219-1107,0,0,0,,,1
219-1213,0,0,0,,,1
219-1191,0,0,0,,,0
219-1,319.02640672426503,3.1015873015873017,75.02485691882839,,,0
223-400,0,0,0,,,1
223-1387,0,0,0,,,1
223-1392,0,0,0,,,1
223-1398,0,0,0,,,1
223-1396,0,0,0,,,0
223-1,309.9113665321432,3.0015873015873016,72.84353305983868,,,0
224-656,0,0,0,,,1
224-1313,0,0,0,,,1
224-1317,0,0,0,,,1
224-1316,0,0,0,,,1
224-1318,0,0,0,,,1
224-1319,0,0,0,,,1
224-1157,0,0,0,,,1
224-1274,0,0,0,,,1
224-1286,0,0,0,,,0
224-1,556.0174517194333,5.686435786435786,138.82892169456855,,,0
225-1379,0,0,0,,,1
225-1305,0,0,0,,,1
225-1304,0,0,0,,,1
225-40,0,0,0,,,1
225-293,0,0,0,,,1
225-1309,0,0,0,,,1
225-161,0,0,0,,,1
225-421,0,0,0,,,1
225-1377,0,0,0,,,1
225-1378,0,0,0,,,1
225-1381,0,0,0,,,1
225-225,0,0,0,,,1
225-1380,0,0,0,,,1
225-448,0,0,0,,,1
225-449,0,0,0,,,1
225-1124,0,0,0,,,1
225-1280,0,0,0,,,1
225-433,0,0,0,,,1
225-923,0,0,0,,,1
225-924,0,0,0,,,1
225-1062,0,0,0,,,1
225-1074,0,0,0,,,1
225-1075,0,0,0,,,1
225-1213,0,0,0,,,1
225-1188,0,0,0,,,0
225-1,464.86704979821474,4.701587301587302,115.27062401747978,,,0
